Roslyn Fitzstein,Arts,1.4849035791438048,0,2022
Patricia Woodson,Social science,5.333440678924121,1,2018
Susan Vanderlow,Medicine,0.7653699423668381,2,2020
Roger Knightfield,Economics,6.858826685278525,3,2022
Ian Vanderfield,Arts,0.6388480190798862,4,2022
Ian Vandercox,Pathology,6.407312920769818,5,2021
Patricia Vandercock,Law,4.856090449999549,6,2019
Gabby Bluesen,Law,0.7466348911644383,7,2019
Evelyn Knightfield,Humanities,9.942374605861838,8,2020
Roger Greenhart,Business,9.049957491567264,9,2020
Roslyn Vesterdrop,Engineering,9.040866922781758,10,2021
Roger Kingfield,Dentistry,0.9744702247445158,11,2021
Evelyn Knightgarden,Economics,4.462867904123255,12,2022
Sean Redlow,Engineering,7.7798477477524415,13,2018
Penny Knightlow,Pathology,3.8939465214400713,14,2022
Roslyn Redcox,Economics,8.400907172617936,15,2019
Michelle Knightston,Business,5.7248530917651985,16,2019
Michael Knightgarden,Social science,5.463370377568526,17,2019
Roslyn Bluecox,Medicine,4.948985947348809,18,2020
Gabby Greensen,Humanities,7.892127579302831,19,2020
Gabby Woodgarden,Pathology,5.212840475473472,20,2021
Blake Kingfield,Arts,7.689725702362126,21,2022
Penny Vanderdrop,Humanities,0.2321011363619574,22,2018
Joel Vandercox,Law,8.381460559726872,23,2019
Andrew Bloomfield,Law,5.717818795318486,24,2020
Steven Vandersen,Dentistry,0.23315790679957704,25,2020
Joel Knightfield,Social science,2.5725346442766694,26,2020
Michelle Bloomcock,Dentistry,6.828234355018719,27,2021
Susan Redgarden,Computer science,5.248135575922159,28,2022
Sean Vesterfield,Dentistry,7.7087815141733245,29,2020
Michael Vanderfield,Pathology,9.504722610344333,30,2021
Penny Knightsmith,Law,4.3298468808780335,31,2022
Steven Greencroft,Economics,8.8513669682121,32,2022
Penny Greensen,Humanities,5.436931154195268,33,2021
Michael Vandersmith,Dentistry,8.81172540886378,34,2022
Evelyn Blueson,Computer science,3.627191126066754,35,2019
Evelyn Greenson,Arts,2.0909288122408833,36,2019
Andrew Redston,Dentistry,6.075517483126455,37,2022
Steven Vestersen,Pathology,2.0297565895069267,38,2022
Susan Fitzlow,Arts,1.6314037771054768,39,2018
Michelle Greendrop,Humanities,0.36872030450803117,40,2021
Michael Vanderdrop,Engineering,1.3319556895310825,41,2019
Andrew Reddrop,Social science,4.13271264532545,42,2022
Michelle Greendrop,Medicine,1.2858088964909786,43,2018
Blake Bloomstein,Pathology,5.7830817936374315,44,2019
Roslyn Vestercock,Business,1.9982842731190453,45,2020
Michelle Kingsmith,Humanities,5.2693474428440625,46,2021
Michelle Knightcox,Humanities,0.470615612008648,47,2021
Simon Knightson,Law,7.164037319081432,48,2022
Joel Woodstein,Humanities,1.7148396626043305,49,2022
Susan Bloomcox,Medicine,0.18651644567806658,50,2021
Michelle Vanderhart,Pathology,7.6352535543603395,51,2022
Susan Redson,Arts,5.469340436149087,52,2020
Sean Redsmith,Medicine,6.554145367277319,53,2020
Roger Redcock,Arts,7.854610912657599,54,2018
Ian Knightcroft,Engineering,8.575821014092856,55,2018
Andrew Vesterdrop,Social science,4.511702374134824,56,2022
Andrew Bloomston,Law,5.5119915695432775,57,2020
Evelyn Knighthart,Arts,7.892977527767698,58,2022
Michelle Bluecock,Computer science,7.434113718279397,59,2020
Penny Knightsly,Economics,6.45360551106664,60,2021
Andrew Fitzsmith,Social science,5.2086931293616345,61,2020
Ian Redcroft,Humanities,4.791234026812771,62,2020
Michelle Vandercroft,Medicine,8.045470469378182,63,2019
Roger Vandercox,Social science,8.081038646904906,64,2019
Gabby Vesterstein,Economics,7.6570672816797885,65,2019
Roslyn Bloomberg,Medicine,4.542174377640498,66,2018
Ian Bloomsmith,Economics,3.046448118322264,67,2019
Gabby Fitzson,Dentistry,8.253871480890368,68,2018
Sean Bloomsly,Engineering,9.371065958573938,69,2018
Gabby Bloomsmith,Social science,0.8329004702397336,70,2018
Patricia Kingstein,Social science,1.2195793645665942,71,2021
Michelle Fitzsly,Dentistry,3.5563550320284865,72,2021
Penny Vesterstein,Engineering,0.36243524737856636,73,2022
Evelyn Greenson,Dentistry,4.010743118671991,74,2018
Penny Woodstein,Humanities,7.259521792831861,75,2022
Gabby Vandercox,Engineering,7.529776557226995,76,2021
Roger Vesterhart,Engineering,8.693173176069134,77,2021
Gabby Kingston,Medicine,9.357908851270542,78,2022
Michael Fitzgarden,Law,0.19145034854723852,79,2020
Roslyn Knightsly,Engineering,7.790638309392262,80,2019
Ian Bloomstein,Engineering,1.5388895415528536,81,2020
Simon Vanderson,Medicine,5.009237575617571,82,2021
Gabby Greencox,Business,3.5140173518218907,83,2021
Michelle Bloomcroft,Medicine,4.233446558419033,84,2018
Penny Kingson,Computer science,3.2539122938408527,85,2019
Roger Knightcock,Computer science,7.685507595173333,86,2022
Ian Kingston,Social science,9.877424322940016,87,2018
Patricia Knightlow,Pathology,3.5512256883108204,88,2018
Michael Vesterdrop,Pathology,6.870401310452631,89,2020
Roger Woodston,Medicine,5.6917307381629945,90,2022
Michelle Kingson,Business,9.339784030444543,91,2022
Roger Bluesmith,Arts,5.014529478495261,92,2020
Evelyn Vanderston,Humanities,2.160845364165407,93,2020
Penny Bloomgarden,Humanities,1.7975801705680439,94,2019
Roslyn Greenston,Computer science,2.333486742776686,95,2018
Patricia Woodsen,Pathology,3.2966174487225244,96,2021
Andrew Woodcox,Arts,6.133671992065137,97,2021
Ian Bloomhart,Law,8.187109499184022,98,2018
Joel Vanderdrop,Pathology,7.526090083371132,99,2020
Penny Kingcroft,Engineering,5.453511693194803,100,2019
Roslyn Vestercroft,Business,4.750601922227745,101,2019
Penny Fitzcroft,Dentistry,7.636840095131781,102,2018
Roger Redsen,Computer science,8.676342392628303,103,2019
Ian Fitzson,Engineering,9.079595748812721,104,2020
Gabby Fitzcox,Social science,4.986683761219869,105,2022
Andrew Woodcroft,Arts,4.199810757684872,106,2020
Blake Woodson,Engineering,7.824534773307413,107,2022
Susan Redsmith,Pathology,1.1892515273526882,108,2022
Michael Fitzsly,Law,0.24694835248567193,109,2018
Susan Vestercroft,Computer science,3.2290832069354583,110,2018
Michelle Kingson,Arts,1.2151691271178022,111,2021
Michelle Vandersen,Engineering,7.32625094941004,112,2018
Michelle Kingfield,Pathology,7.702183101330703,113,2022
Penny Knighthart,Arts,5.951476660764491,114,2019
Andrew Vesterberg,Engineering,7.108519249722894,115,2021
Joel Bloomson,Law,7.171854237732637,116,2019
Michelle Kingston,Pathology,4.467556685984164,117,2019
Roger Fitzsen,Dentistry,9.66195282447504,118,2022
Ian Vestergarden,Economics,2.3108513169606493,119,2022
Sean Redston,Law,8.822517045651288,120,2022
Michelle Kingsly,Computer science,3.894779820490899,121,2021
Simon Fitzston,Humanities,5.9742021611500675,122,2020
Ian Vandersmith,Law,0.9167139624070031,123,2021
Patricia Vestersen,Social science,6.266029093029307,124,2021
Michelle Vesterston,Computer science,3.5242600168954388,125,2022
Susan Kingdrop,Humanities,4.259642143423429,126,2019
Ian Knightberg,Pathology,4.085188274597028,127,2018
Roger Knightson,Medicine,1.236983500800537,128,2018
Evelyn Bluesmith,Law,8.571773476522473,129,2022
Blake Woodgarden,Engineering,3.0860983199818826,130,2021
Roslyn Vandercock,Dentistry,7.147719973666397,131,2019
Michelle Vandersen,Computer science,3.2012635945379273,132,2021
Blake Bluesen,Arts,4.865233599019446,133,2018
Joel Vesterstein,Engineering,7.789809240187811,134,2019
Penny Knightstein,Humanities,1.1511830212296437,135,2018
Joel Knightberg,Economics,7.807922688295934,136,2018
Gabby Woodsly,Business,3.7555257130889386,137,2020
Roslyn Woodsen,Medicine,8.683261450740194,138,2021
Michelle Vandergarden,Business,7.151172502070025,139,2021
Roslyn Kingcroft,Humanities,8.721374424534194,140,2022
Penny Knightsly,Dentistry,6.270312367563427,141,2022
Michelle Greensen,Law,6.769962120871204,142,2018
Penny Blueston,Engineering,0.10537469252818399,143,2019
Susan Fitzdrop,Engineering,7.602193629213948,144,2018
Steven Redstein,Computer science,7.308901135876836,145,2018
Penny Blueson,Pathology,8.604297931261586,146,2019
Ian Bluesly,Computer science,7.240668039378654,147,2020
Sean Bloomgarden,Arts,5.367686943102509,148,2018
Penny Vesterstein,Humanities,3.225919135307084,149,2021
Gabby Knightberg,Engineering,8.833844257560067,150,2020
Evelyn Woodcock,Computer science,9.467707580661619,151,2018
Roslyn Fitzsly,Dentistry,0.7183941855113618,152,2022
Andrew Bloomcroft,Business,9.15215517748721,153,2022
Patricia Woodcroft,Social science,9.62674191581829,154,2018
Susan Woodstein,Pathology,2.3965657837069623,155,2019
Michelle Kinglow,Arts,2.273865500369985,156,2018
Michael Vestersmith,Computer science,1.4412194973891546,157,2019
Michael Bloomgarden,Arts,8.082502882579462,158,2022
Evelyn Bloomgarden,Arts,8.567617133070542,159,2021
Joel Knightson,Pathology,5.411162374816158,160,2020
Michael Bluegarden,Law,5.609778954919351,161,2018
Sean Greensly,Dentistry,6.763189076984912,162,2018
Simon Blueberg,Economics,0.9041131348866749,163,2022
Simon Greenstein,Business,7.216095309860914,164,2020
Penny Woodgarden,Computer science,6.0689560419686455,165,2020
Susan Redstein,Social science,4.81652486083151,166,2018
Joel Woodhart,Social science,8.877752660607188,167,2022
Gabby Fitzcroft,Business,3.925346016685306,168,2021
Joel Vesterston,Medicine,7.156487846351651,169,2022
Joel Vandercroft,Medicine,5.978422535632584,170,2019
Penny Bloomgarden,Engineering,1.17473485938139,171,2019
Patricia Bluesen,Humanities,2.0877131469431385,172,2020
Joel Knightgarden,Law,0.6804178902473357,173,2019
Michael Vanderfield,Arts,6.7982482280966465,174,2019
Michelle Redberg,Business,3.0251211615174367,175,2019
Joel Vestercroft,Arts,3.8305023357199253,176,2019
Roslyn Bluestein,Social science,7.505767424797972,177,2021
Andrew Wooddrop,Computer science,7.5262727403712315,178,2019
Roger Woodstein,Computer science,9.292357749390554,179,2022
Ian Vandersmith,Humanities,3.556712827194871,180,2019
Simon Vestersmith,Law,6.406698203513599,181,2022
Ian Redsmith,Economics,3.0936006170583266,182,2021
Michael Woodsmith,Social science,4.739012043206997,183,2019
Gabby Fitzberg,Humanities,2.464195380183185,184,2021
Susan Bluecroft,Business,7.058780965949438,185,2019
Roslyn Bluestein,Computer science,8.58631945919315,186,2019
Ian Bluedrop,Law,4.025925215048803,187,2018
Michael Fitzsmith,Pathology,0.5146348275732127,188,2018
Penny Redstein,Business,7.3670448284932855,189,2022
Joel Vanderson,Economics,4.795991753419243,190,2021
Gabby Vanderdrop,Humanities,2.8293912953665212,191,2021
Patricia Bluesly,Social science,6.008689809088371,192,2022
Susan Bloomcroft,Economics,7.952252168023622,193,2019
Penny Vesterlow,Dentistry,2.0471571910404074,194,2019
Evelyn Vanderhart,Engineering,6.167710168751663,195,2022
Simon Woodsen,Humanities,6.998102037379827,196,2018
Sean Kingston,Medicine,8.774232367732672,197,2022
Ian Woodstein,Humanities,3.6718684274442728,198,2019
Andrew Knightlow,Law,6.879673973088691,199,2019
Joel Bluecroft,Social science,6.352395308079224,200,2021
Penny Woodsen,Dentistry,7.867145921147966,201,2021
Blake Kingson,Pathology,4.082727595396286,202,2018
Simon Vestercox,Law,4.837220593684409,203,2021
Blake Fitzson,Medicine,7.6832279510424595,204,2022
Simon Redston,Medicine,9.179808829372213,205,2018
Penny Reddrop,Social science,7.071394406186702,206,2018
Andrew Woodson,Engineering,9.271550056893801,207,2018
Blake Kingson,Arts,5.468857852787572,208,2018
Roslyn Bloomsly,Computer science,4.602508006416292,209,2021
Sean Redstein,Dentistry,6.896966873180067,210,2020
Ian Knightgarden,Medicine,0.16457523347059522,211,2020
Roslyn Redsen,Dentistry,5.885259788665804,212,2022
Simon Bloomcroft,Social science,6.702353413203664,213,2020
Penny Fitzcock,Humanities,6.467792079410617e-2,214,2018
Ian Vandercroft,Business,8.202559905588,215,2019
Evelyn Woodcock,Engineering,6.77452405273276,216,2018
Penny Fitzcox,Business,3.68727802514059,217,2018
Michael Kingsly,Law,1.392136626175482,218,2021
Andrew Fitzhart,Medicine,5.925026512343413,219,2019
Gabby Greensmith,Medicine,9.62702562280648,220,2019
Steven Vandersen,Engineering,4.384278213311569,221,2022
Simon Kingston,Engineering,5.733828039192854,222,2021
Penny Vanderstein,Economics,4.9389957633311905,223,2018
Steven Redcroft,Medicine,7.720139281476509,224,2019
Andrew Bluesly,Social science,0.18970530092480065,225,2019
Joel Bloomsmith,Economics,9.4561665842561,226,2018
Ian Knightcox,Pathology,7.076780219123007,227,2020
Roger Redstein,Computer science,2.2135942474805157,228,2018
Simon Vesterston,Law,2.661083841927565,229,2018
Gabby Woodstein,Pathology,6.322036613619536,230,2022
Patricia Redstein,Computer science,1.0591730322985582,231,2020
Simon Fitzsmith,Arts,8.549259702679075,232,2022
Sean Vestercox,Business,0.6004722152396558,233,2019
Gabby Greensly,Economics,8.249809381727948,234,2018
Michael Vesterstein,Business,8.958839673436001,235,2020
Susan Bloomhart,Pathology,9.690907883458909,236,2018
Andrew Greenberg,Computer science,3.7829793844810142,237,2021
Andrew Woodcox,Economics,4.756507539145776,238,2021
Roslyn Greenberg,Law,2.1783559861256094,239,2021
Steven Bluehart,Business,8.946804992454938,240,2022
Simon Bluehart,Engineering,1.2801429496368377,241,2022
Simon Knightlow,Computer science,7.69729193680349,242,2021
Susan Redfield,Computer science,1.9097632963625377,243,2018
Roger Kinglow,Arts,8.47436008461438,244,2018
Andrew Fitzstein,Medicine,5.768874620441602,245,2022
Penny Kingfield,Computer science,9.341891083738583,246,2021
Penny Vestercroft,Social science,3.6892716972698647,247,2021
Steven Bluefield,Social science,9.225667071944155,248,2022
Gabby Redson,Arts,9.313109651332093,249,2020
Blake Kingcroft,Medicine,3.6408370543133026,250,2021
Simon Vestergarden,Pathology,3.7079030154546566,251,2018
Patricia Fitzstein,Arts,2.0924490431089526,252,2020
Simon Vandercox,Business,9.082510175589416,253,2022
Joel Bloomsen,Computer science,1.9440967301460088,254,2021
Roger Knightcroft,Dentistry,4.088605162234019,255,2018
Simon Woodsen,Business,2.8687327131280984,256,2020
Joel Vesterston,Computer science,2.1552165486658947,257,2022
Roslyn Vandersen,Dentistry,7.047669018731576,258,2018
Ian Vanderhart,Computer science,1.2742397449300324,259,2018
Susan Redberg,Engineering,4.980577351795608,260,2021
Evelyn Fitzston,Medicine,9.664456343763332,261,2022
Michael Bluehart,Social science,1.4845976494647795,262,2020
Michael Knightson,Medicine,6.034444777054421,263,2019
Roslyn Fitzdrop,Law,4.349823122891323,264,2019
Evelyn Woodson,Social science,2.9035836640892168,265,2018
Patricia Vandersmith,Law,7.005477198501672,266,2020
Roger Redberg,Engineering,2.798412523398471,267,2019
Sean Bloomston,Law,3.8261686136729214,268,2021
Evelyn Knightfield,Medicine,5.665470402352366,269,2022
Roslyn Vestercox,Medicine,7.7449869981960635,270,2021
Roger Fitzston,Engineering,6.403743844113217,271,2021
Evelyn Redgarden,Economics,2.657374846711953,272,2019
Roger Vanderstein,Arts,3.4593810766621957,273,2019
Joel Bluesly,Computer science,7.619480261555001,274,2022
Simon Redfield,Economics,7.94779784103182,275,2022
Blake Knightdrop,Computer science,8.557826107919587,276,2019
Joel Vandersen,Dentistry,7.390126347958517,277,2022
Blake Bloomgarden,Economics,3.990796175420858,278,2021
Joel Vandercox,Dentistry,9.815012847674566,279,2019
Joel Knighthart,Medicine,1.6746735603372365e-2,280,2021
Ian Kingfield,Law,0.796122175208478,281,2021
Joel Vandergarden,Computer science,8.246909330596642,282,2020
Penny Vesterdrop,Pathology,9.676680761936593,283,2018
Michelle Wooddrop,Medicine,5.607496505079764,284,2021
Simon Knightsly,Computer science,3.566005287358113,285,2020
Andrew Vandergarden,Social science,8.919448056491475e-2,286,2018
Penny Woodlow,Arts,1.1242874634498057,287,2018
Steven Redston,Law,7.882322976347681,288,2022
Andrew Fitzberg,Medicine,7.582101856623548,289,2019
Roslyn Wooddrop,Dentistry,3.6880978594672142,290,2020
Joel Bluehart,Humanities,1.2968129027188924,291,2020
Andrew Redsen,Social science,9.226264483764215,292,2019
Joel Vesterberg,Medicine,3.9566349030950168,293,2020
Andrew Kingberg,Business,8.112648614104195,294,2021
Susan Kinghart,Social science,3.1077065392467906,295,2018
Evelyn Woodsly,Humanities,7.526930967399651,296,2021
Ian Knightfield,Medicine,1.9854862352669,297,2021
Blake Woodcock,Engineering,8.539017231939312,298,2018
Roger Bloomberg,Law,1.4793887979961473,299,2022
Roslyn Vestergarden,Law,6.341394406356443,300,2022
Evelyn Knighthart,Social science,9.584743622919552,301,2019
Patricia Greengarden,Engineering,4.466992249942058,302,2020
Gabby Bloomhart,Economics,0.4457008498040371,303,2018
Ian Greenston,Law,6.790220574272533,304,2019
Gabby Vesterston,Dentistry,5.476015535528827,305,2022
Roger Fitzberg,Economics,1.4514820186161614,306,2021
Ian Greencroft,Pathology,5.062614236250407,307,2018
Andrew Vestersmith,Dentistry,7.846585550381057,308,2019
Michael Redlow,Economics,6.641643288730168,309,2018
Blake Kingsmith,Computer science,1.0158425465212129,310,2018
Roger Bloomston,Humanities,3.099204527459886,311,2020
Patricia Vesterlow,Pathology,4.483836996608384,312,2022
Sean Fitzsen,Social science,9.623423258528048,313,2020
Michelle Fitzson,Computer science,0.6223015728300918,314,2020
Blake Bloomstein,Computer science,5.2212799936038365,315,2021
Andrew Vestersly,Pathology,0.8016234095955321,316,2022
Patricia Fitzcox,Arts,7.638078706225282,317,2018
Gabby Redson,Business,3.588371806192402,318,2022
Roger Vandersmith,Dentistry,8.578099981073606,319,2019
Gabby Vanderberg,Social science,1.97138729421657,320,2022
Blake Knightdrop,Arts,2.068374206605881,321,2018
Roslyn Greencock,Computer science,2.9854966185367293,322,2019
Steven Vandersen,Economics,0.33424228576040993,323,2021
Michael Vanderfield,Law,3.862415718444039,324,2021
Roger Fitzhart,Economics,1.4614437556388438,325,2018
Penny Redhart,Dentistry,5.507667973379556,326,2018
Susan Kingcock,Business,2.9759594596815053,327,2022
Patricia Redhart,Business,3.1860261415760704,328,2020
Susan Bloomlow,Arts,5.016554243839176,329,2021
Ian Kingstein,Social science,4.306525853912784,330,2019
Sean Redhart,Arts,3.964405954092185,331,2018
Ian Vesterhart,Arts,0.666762239953822,332,2018
Sean Kingsmith,Humanities,7.107785658505431,333,2020
Sean Greencock,Engineering,0.6062245669558575,334,2021
Roslyn Fitzfield,Dentistry,9.199923080925123,335,2020
Blake Fitzson,Pathology,3.164696770775255,336,2019
Sean Greengarden,Social science,6.011349643132475,337,2018
Susan Woodston,Humanities,4.9202810902661795,338,2018
Steven Bluelow,Business,8.517886277221137,339,2022
Joel Fitzberg,Engineering,8.461385934929284,340,2019
Steven Knightlow,Dentistry,2.481687604120457,341,2020
Steven Vestercroft,Computer science,7.862332160043745,342,2020
Blake Fitzfield,Dentistry,0.5551533218339866,343,2021
Susan Kingson,Pathology,4.221032183953689,344,2021
Susan Blueston,Arts,4.955868217668714,345,2021
Michelle Fitzcox,Arts,6.308433221794654,346,2019
Patricia Knightson,Medicine,3.8734706654098217,347,2019
Susan Vanderfield,Social science,3.8360756692930806,348,2022
Sean Knightcox,Arts,5.990299057982412,349,2020
Patricia Bluehart,Business,5.03822647025932,350,2020
Roslyn Knightsly,Pathology,4.269992197328944,351,2019
Andrew Redsly,Computer science,8.738359245069716e-2,352,2019
Simon Vanderhart,Business,8.362532148478111,353,2020
Roslyn Vesterdrop,Social science,1.208469956543754,354,2020
Andrew Greenston,Social science,0.9375896544137763,355,2021
Michelle Knightdrop,Humanities,3.4020545864911966,356,2019
Gabby Bloomstein,Engineering,0.13580464154306804,357,2022
Blake Vanderston,Computer science,6.003370121165563,358,2019
Andrew Vandersen,Business,2.654663429476729,359,2022
Joel Bloomcroft,Law,8.710718395492243,360,2019
Michelle Kingsen,Dentistry,7.687042474187157,361,2022
Penny Greendrop,Social science,3.8556705550033232,362,2021
Steven Knightcox,Social science,6.333290977364829,363,2019
Michelle Greenston,Medicine,7.627341974075209,364,2021
Ian Vanderfield,Engineering,0.8723342629930986,365,2020
Roger Fitzdrop,Humanities,5.141611424074423,366,2020
Roslyn Vanderson,Law,3.536543454934594,367,2022
Simon Greendrop,Dentistry,4.054571482761636,368,2019
Joel Vesterstein,Computer science,5.184251977921189,369,2021
Joel Bloomsen,Engineering,4.3571819283490285,370,2021
Michael Kingsly,Medicine,4.730958956802108,371,2020
Steven Vestergarden,Arts,8.2438679409346,372,2021
Michael Redcox,Dentistry,8.837238242837328,373,2019
Penny Bloomcroft,Pathology,9.87225228139047,374,2018
Steven Redstein,Computer science,7.6530351301520305,375,2020
Michael Greenberg,Engineering,9.306473428921628,376,2022
Steven Bloomcock,Law,8.756875463835305,377,2019
Michael Redson,Arts,2.824074554731071,378,2022
Roslyn Kingberg,Engineering,3.3128364386385964,379,2020
Michelle Kingstein,Computer science,5.381975723630012,380,2018
Gabby Vanderfield,Humanities,1.5969725684279368,381,2019
Simon Blueson,Arts,4.645275950378474,382,2021
Evelyn Woodston,Business,8.438077585587747,383,2022
Ian Fitzhart,Arts,9.516580867870523,384,2021
Penny Blueson,Economics,6.7679058085867645,385,2022
Simon Vanderdrop,Economics,7.58614281075716,386,2020
Roger Vestergarden,Dentistry,9.408692485976593,387,2019
Evelyn Bloomsly,Pathology,3.663958968704184,388,2022
Patricia Vandercroft,Engineering,3.163177514652692,389,2019
Steven Woodston,Business,7.784743015976665,390,2018
Patricia Redsly,Law,8.30663807127142,391,2020
Blake Knightcox,Engineering,1.6198822548039304,392,2022
Sean Greensen,Economics,1.3689619599317893,393,2022
Patricia Kingstein,Law,2.6023439168050855,394,2020
Roslyn Knightson,Economics,1.5367865727005459,395,2021
Simon Vandercox,Computer science,4.562757027420547,396,2019
Sean Vestercox,Medicine,3.8883507833177133,397,2021
Ian Bluedrop,Social science,8.736716134796673,398,2021
Roger Bloomsly,Dentistry,2.5185732290035068e-2,399,2018
Andrew Bloomberg,Medicine,8.468988960305653,400,2019
Roger Redcock,Arts,6.330668803321159,401,2021
Joel Vesterstein,Economics,7.915084900437963,402,2021
Roger Redfield,Computer science,7.886713464564098,403,2022
Blake Kingcox,Social science,5.634605012205264,404,2019
Susan Knightlow,Business,1.962953518126248,405,2019
Simon Fitzston,Law,8.523226861268163e-2,406,2018
Joel Greensly,Pathology,6.935952553450308,407,2020
Steven Bluestein,Dentistry,4.611839226034585,408,2021
Sean Bluecock,Computer science,6.6028966819144355,409,2020
Patricia Bluecroft,Pathology,2.412346213392408,410,2020
Penny Kingstein,Business,5.483993631254707,411,2021
Andrew Kingberg,Social science,8.497327428127317,412,2021
Andrew Bluesen,Engineering,6.251385804381858,413,2021
Evelyn Bluesen,Arts,6.542762839556907,414,2021
Susan Vanderston,Arts,5.699854507925383,415,2020
Michelle Woodston,Engineering,4.270271666449792,416,2021
Blake Vestercox,Business,0.9734531781321865,417,2021
Joel Woodcox,Social science,1.4041775649517085,418,2019
Patricia Bloomson,Dentistry,7.556241733553101,419,2020
Michael Redcroft,Arts,5.86889952149628,420,2018
Patricia Blueston,Economics,8.366841502857293,421,2019
Steven Woodhart,Social science,9.434905845785066,422,2022
Roslyn Bloomson,Law,4.085142924119306,423,2022
Penny Woodlow,Arts,2.193135903231723,424,2021
Patricia Woodsen,Computer science,0.7917552304776476,425,2020
Michelle Vandergarden,Medicine,5.223431530867494,426,2019
Sean Bloomhart,Computer science,5.566173271235417,427,2021
Sean Knightlow,Medicine,6.51067014296839,428,2018
Gabby Kingdrop,Business,5.850524815149721,429,2018
Blake Fitzstein,Law,1.0556826464766544,430,2019
Evelyn Blueberg,Economics,8.82394742062982,431,2021
Ian Bluelow,Law,3.019883650326399,432,2022
Susan Bloomcox,Business,3.324764596240347,433,2019
Simon Woodhart,Business,4.551003746107982,434,2018
Roger Greengarden,Medicine,8.595605454182124,435,2018
Sean Kingson,Pathology,0.5964487630195769,436,2021
Evelyn Redberg,Pathology,8.586773331882506,437,2019
Sean Greenson,Computer science,1.8218130503363694,438,2020
Steven Redfield,Social science,3.166516787356647,439,2020
Susan Bluestein,Arts,9.885292490697452,440,2021
Penny Bloomcroft,Economics,6.80140194194923,441,2022
Roger Redsmith,Social science,2.28610764003197,442,2021
Susan Fitzfield,Humanities,0.19400966497295613,443,2021
Ian Bloomdrop,Dentistry,0.20255126596432804,444,2019
Michael Bluesmith,Economics,9.209980820463885,445,2018
Gabby Fitzson,Pathology,8.576016102442201,446,2020
Steven Vestergarden,Humanities,9.90035239559604,447,2018
Michael Greenfield,Humanities,9.685636028557363,448,2020
Roger Blueson,Pathology,5.085876210796265,449,2021
Michael Kingberg,Pathology,8.218674238454101,450,2022
Steven Bloomdrop,Dentistry,7.718602154997441,451,2019
Joel Greenstein,Medicine,7.494396397274911,452,2019
Steven Woodlow,Pathology,4.59312554976512,453,2020
Michael Kingberg,Law,5.784351999262967,454,2019
Joel Knightcroft,Economics,3.842389152235617,455,2020
Ian Vanderfield,Humanities,9.979434818696703,456,2018
Roslyn Knightsly,Computer science,1.918465380085097,457,2020
Roger Woodsen,Arts,6.286273203551088,458,2021
Ian Vandercox,Humanities,8.511288781394917,459,2019
Michelle Vanderson,Engineering,0.2862693138763084,460,2020
Simon Redsly,Dentistry,7.175478456690337,461,2022
Michael Kingsmith,Pathology,7.186296663134769,462,2021
Roger Vandergarden,Economics,4.541238771046503,463,2022
Steven Fitzberg,Engineering,2.0974222300818957,464,2021
Steven Bloomlow,Economics,7.681938271327898,465,2021
Steven Fitzson,Pathology,1.55481488196202,466,2022
Ian Fitzstein,Social science,8.490949020400459,467,2020
Joel Greensmith,Medicine,9.92401215200072,468,2021
Michelle Bluesen,Computer science,4.160798211729846,469,2019
Joel Knightsly,Dentistry,7.054715864002076,470,2020
Steven Greensmith,Social science,1.4057050934747284,471,2019
Michelle Bloomcock,Engineering,7.597271024937387,472,2018
Blake Knightfield,Arts,2.2132613036846784,473,2018
Steven Fitzsmith,Medicine,1.24691671795217,474,2020
Susan Bloomberg,Business,4.004030091091806,475,2019
Patricia Bloomcox,Law,2.619530090167632,476,2021
Steven Knightfield,Dentistry,7.243533730872871,477,2019
Andrew Bluecroft,Humanities,8.960165749850916,478,2018
Steven Bluehart,Medicine,1.3541097867937923,479,2021
Simon Bloomson,Computer science,6.585043409347586,480,2020
Andrew Fitzsen,Humanities,2.096251034574761,481,2019
Roger Knightdrop,Social science,0.7129050775883927,482,2018
Roger Fitzgarden,Pathology,1.0358310758044242,483,2022
Ian Woodfield,Social science,9.343640352381344,484,2019
Blake Bluedrop,Dentistry,2.6229952738346505,485,2022
Steven Vesterdrop,Law,6.4821789011347475,486,2022
Simon Knightsen,Pathology,0.22916817719442206,487,2018
Simon Greenson,Social science,6.474837378923784,488,2019
Michelle Blueston,Business,9.22060930839376,489,2021
Joel Vandergarden,Law,0.7354506291235985,490,2021
Sean Greenston,Social science,1.7897351756550817,491,2019
Roger Vesterfield,Engineering,4.822407780622138,492,2021
Penny Redcroft,Medicine,5.176553538986677,493,2021
Blake Woodfield,Humanities,4.6475544597704666,494,2022
Gabby Kingsmith,Dentistry,3.2329570294062804,495,2021
Susan Bloomston,Engineering,8.705792725756824,496,2019
Patricia Vesterlow,Social science,7.897897908569272,497,2021
Roslyn Bloomson,Pathology,2.278324056233317,498,2019
Gabby Fitzdrop,Computer science,0.7511942207055944,499,2019
Andrew Knightgarden,Dentistry,7.41089480245305,500,2020
Michael Redgarden,Economics,6.285111978243229,501,2019
Blake Knightfield,Economics,4.926721475165956,502,2022
Patricia Fitzdrop,Humanities,1.3081841144996464,503,2022
Gabby Knighthart,Humanities,0.9268450536218054,504,2019
Gabby Redlow,Computer science,5.8843100805896364,505,2022
Gabby Kinggarden,Arts,5.826594778371906,506,2018
Ian Kingstein,Engineering,7.409976501474016,507,2019
Roger Woodcock,Social science,1.35156949175398,508,2020
Blake Knightberg,Social science,2.0753438319724227,509,2022
Michelle Kingston,Social science,2.01527467035349,510,2021
Patricia Vestersmith,Arts,9.85543396261639,511,2022
Patricia Kingsen,Arts,8.813198421699715,512,2020
Blake Bluehart,Arts,0.666193157369569,513,2021
Gabby Vandercroft,Law,5.3252072646121675,514,2019
Andrew Greencroft,Dentistry,3.2383388429433158,515,2022
Steven Bluesly,Dentistry,2.7476958891699335,516,2020
Michelle Fitzfield,Humanities,3.689526601353623,517,2020
Penny Redcroft,Social science,4.773560042915851,518,2020
Andrew Kingcroft,Arts,8.050103728821517,519,2022
Patricia Vestergarden,Medicine,5.929053834765608,520,2022
Susan Bluefield,Medicine,9.425098752630326,521,2022
Michelle Kingsly,Law,8.493592555030709,522,2018
Evelyn Greendrop,Business,6.899960846679468,523,2022
Joel Kingson,Business,0.6314641495798523,524,2022
Susan Bloomstein,Arts,4.055793390968795,525,2020
Andrew Greenfield,Arts,5.894792242871015,526,2018
Ian Redhart,Arts,4.065989991365897,527,2018
Andrew Redgarden,Economics,4.6853741750165945,528,2019
Susan Bluefield,Engineering,4.305216149538116,529,2021
Sean Redgarden,Pathology,7.725089827350976,530,2022
Michael Redsen,Humanities,7.336012989845388,531,2018
Michael Greenlow,Pathology,6.299273620237235,532,2019
Simon Bluecock,Arts,0.9766783115173627,533,2021
Joel Knighthart,Law,8.138765704733565,534,2021
Roger Kingcock,Computer science,7.468034003746318,535,2018
Sean Fitzcroft,Pathology,6.376255207062104,536,2018
Evelyn Kingston,Business,6.88111242029043,537,2021
Penny Greenhart,Law,2.18832478146626,538,2019
Steven Vesterhart,Dentistry,1.1077149812595544,539,2021
Michael Vesterstein,Business,0.6859398600447142,540,2021
Susan Bluecroft,Medicine,0.894796063466442,541,2021
Joel Redcox,Pathology,5.744148106436989,542,2022
Sean Knighthart,Social science,7.378435901501713,543,2020
Sean Vesterlow,Arts,1.9707160858998796,544,2019
Michael Vandergarden,Economics,3.4336857727489756,545,2022
Gabby Greenberg,Economics,7.966549293873869,546,2020
Susan Kingberg,Pathology,1.068595361118152,547,2019
Penny Woodcox,Medicine,1.6067590074072835,548,2019
Ian Vandersly,Economics,3.171177080946878,549,2021
Roslyn Redlow,Business,4.582781226662727,550,2020
Evelyn Woodcock,Medicine,1.7231013112055382,551,2019
Andrew Redgarden,Pathology,2.8472761089802767,552,2018
Ian Woodson,Law,6.335682350977068,553,2020
Evelyn Knightfield,Computer science,9.74657012293603,554,2018
Gabby Fitzhart,Dentistry,5.170995736401732,555,2018
Roslyn Woodfield,Dentistry,0.9240304006693556,556,2022
Simon Kinglow,Medicine,7.229411947961375,557,2018
Michael Greengarden,Social science,7.52142290638603,558,2018
Patricia Kingfield,Social science,9.44603224732533,559,2018
Sean Bloomfield,Business,9.190507735914567,560,2021
Simon Blueberg,Dentistry,1.5574720857360935,561,2022
Gabby Kingcock,Economics,0.11166449531692879,562,2018
Michael Knighthart,Computer science,2.6288563680032673,563,2020
Roslyn Woodcroft,Medicine,4.671836502727539,564,2020
Gabby Redcock,Computer science,2.033815528289251,565,2021
Steven Redlow,Arts,4.320043536135368,566,2018
Simon Fitzcox,Pathology,0.9171302919239921,567,2019
Roslyn Fitzdrop,Engineering,7.59660599206218,568,2021
Andrew Bluehart,Computer science,0.9569582996211423,569,2022
Blake Greensmith,Economics,8.316674495076196,570,2019
Roger Woodstein,Economics,5.707183274828395,571,2019
Susan Vanderberg,Business,7.329356712762328,572,2019
Andrew Woodhart,Arts,2.3418959401732495,573,2020
Evelyn Kingberg,Pathology,6.3455601613433625,574,2021
Joel Fitzlow,Dentistry,4.408811609550389,575,2022
Roslyn Kinggarden,Arts,2.0335140201474964,576,2021
Steven Bloomlow,Law,8.837451942651528,577,2021
Joel Redfield,Business,2.4658627736522485,578,2020
Sean Greengarden,Arts,6.012058712672293,579,2019
Susan Vesterston,Business,1.394323009551689,580,2021
Evelyn Redlow,Medicine,4.063807132434031,581,2020
Roslyn Greenston,Medicine,0.20946099162271858,582,2022
Susan Bloomberg,Law,3.9298760256614695,583,2021
Patricia Bloomcox,Pathology,2.190706909485302,584,2019
Joel Vesterdrop,Economics,9.923577617096452,585,2020
Ian Bluegarden,Pathology,4.050608859037067,586,2018
Roger Fitzcroft,Computer science,2.4702428730863932,587,2018
Simon Redberg,Humanities,1.1272137187199605,588,2022
Blake Bloomcroft,Pathology,9.967289649789702,589,2022
Blake Greendrop,Economics,6.632957627162761,590,2019
Gabby Woodsly,Humanities,6.507861729695021,591,2022
Simon Bloomgarden,Engineering,5.181951993120521,592,2020
Roger Vestercox,Computer science,7.879505670587261e-2,593,2020
Michelle Woodcox,Business,3.814488310797554,594,2018
Michael Greenstein,Law,4.641771595929526,595,2018
Joel Woodsly,Engineering,7.523922420031967,596,2021
Blake Vestercox,Social science,6.705967421293563,597,2018
Penny Blueberg,Engineering,8.535603293290476,598,2021
Gabby Woodhart,Humanities,9.274867374243001,599,2019
Roger Bloomfield,Business,7.750725829336071,600,2022
Roslyn Bluelow,Arts,6.233457182465498,601,2021
Michelle Greencock,Dentistry,1.9128729738070893,602,2019
Susan Redcox,Social science,6.313619624374775,603,2021
Steven Woodcock,Humanities,7.880395543982688,604,2019
Blake Reddrop,Economics,0.28896764544445785,605,2021
Blake Bloomsmith,Social science,1.533026825692676,606,2018
Michael Bluesmith,Social science,0.9138228439501561,607,2020
Andrew Woodsen,Engineering,0.7739077062004673,608,2022
Ian Vandersen,Law,4.607668247603001,609,2019
Susan Vestercroft,Law,4.12005325240231,610,2019
Andrew Vestercock,Law,4.856399498208291,611,2020
Michael Kingston,Engineering,6.7057587134320364,612,2022
Ian Fitzcock,Economics,3.8135636255514003,613,2019
Simon Vandergarden,Dentistry,3.257733197295357,614,2021
Michael Knightcroft,Medicine,7.663532245103647,615,2021
Michael Knighthart,Humanities,3.1821624430965025,616,2021
Evelyn Vestersen,Pathology,2.9365190960639085,617,2020
Susan Greencock,Humanities,9.835683523463594,618,2021
Steven Woodstein,Engineering,1.2023624859820992,619,2020
Andrew Vandercox,Engineering,3.056727626776329,620,2022
Roslyn Kingston,Business,6.271226529913446,621,2022
Simon Vanderfield,Computer science,0.49116920043224765,622,2022
Simon Woodberg,Economics,8.412603622438144,623,2020
Michelle Kingston,Computer science,8.852040043797075,624,2020
Patricia Vesterston,Computer science,1.9251360640735504,625,2022
Roger Vandercox,Computer science,4.733042826770699,626,2021
Roger Redston,Pathology,7.680374114029879,627,2022
Michelle Bloomhart,Business,0.441995846596267,628,2021
Ian Fitzcox,Business,7.0548254729326025,629,2022
Gabby Bluehart,Dentistry,2.355848535058173,630,2019
Evelyn Knightgarden,Social science,0.841990176687093,631,2021
Steven Woodcroft,Pathology,2.292757338263999,632,2021
Andrew Greensmith,Law,3.4854926199293725,633,2019
Roger Bloomcroft,Dentistry,3.1350973030644322,634,2022
Ian Bloomcroft,Humanities,6.927964403718115,635,2021
Roslyn Vesterfield,Law,2.5834518115802063,636,2020
Penny Vesterlow,Humanities,7.759694935488754,637,2020
Gabby Redsen,Arts,9.23769571535589,638,2018
Blake Vandercox,Business,3.133076389459122,639,2021
Simon Greenfield,Humanities,3.890501230996397,640,2020
Evelyn Fitzstein,Arts,2.9442200081311842,641,2018
Ian Bloomdrop,Business,9.921671727449365,642,2018
Ian Vesterstein,Pathology,5.330929230092907,643,2020
Gabby Woodson,Computer science,8.563428557095454,644,2018
Penny Vestercroft,Computer science,5.833991569823297,645,2021
Steven Kingson,Humanities,4.294296487881411,646,2019
Evelyn Vanderston,Pathology,8.399381081821222,647,2022
Simon Bluelow,Business,8.316190099972967,648,2019
Blake Knighthart,Medicine,4.597032401345773,649,2020
Roslyn Bloomberg,Arts,4.323896860835306,650,2022
Michelle Greenson,Law,4.088089866714201,651,2022
Michelle Vestersmith,Pathology,5.593119319560051,652,2018
Evelyn Greenson,Computer science,7.94849240461739,653,2021
Ian Greensmith,Dentistry,8.468968107590888,654,2018
Blake Redcroft,Computer science,1.515385539430455,655,2018
Andrew Greenston,Economics,7.767279705872676,656,2021
Ian Vestersen,Medicine,6.339193450243372,657,2021
Michelle Greengarden,Medicine,1.8555633676549455,658,2021
Evelyn Vesterfield,Engineering,1.5087283959841091,659,2020
Blake Kingstein,Business,6.529911222418683,660,2019
Evelyn Bluecroft,Social science,3.092742889132767,661,2021
Evelyn Kingdrop,Arts,7.099959225579296,662,2022
Penny Kingsmith,Dentistry,3.647127046924222,663,2022
Blake Kingcox,Business,3.1394437028590563,664,2019
Simon Redcroft,Law,7.845991350286151,665,2021
Penny Vestergarden,Computer science,0.1822148410076707,666,2018
Penny Woodfield,Dentistry,7.4097106874131535,667,2018
Susan Woodlow,Arts,0.5987369518756369,668,2022
Susan Bloomstein,Computer science,2.9963609384968692,669,2020
Roslyn Knightdrop,Law,4.6075556312138275,670,2018
Roslyn Redcox,Arts,7.941958571097004,671,2021
Gabby Bloomgarden,Social science,7.263471554820951,672,2020
Ian Vandercroft,Law,9.882592404331199,673,2022
Simon Greendrop,Economics,6.649799913457359,674,2020
Ian Vesterston,Social science,0.16031521254284087,675,2022
Evelyn Bloomgarden,Computer science,3.158523451405044,676,2018
Susan Redcroft,Economics,3.14241357761777,677,2022
Michelle Blueberg,Dentistry,1.298453400423274,678,2020
Susan Bloomdrop,Dentistry,5.520814658996601,679,2018
Steven Wooddrop,Medicine,9.341736831074925,680,2021
Roger Woodsmith,Medicine,3.7462254719373043,681,2021
Joel Knightberg,Arts,9.579303104031284,682,2018
Sean Redsmith,Arts,3.896160135825588,683,2018
Steven Kingdrop,Pathology,3.3394454730012137,684,2018
Evelyn Kingsen,Social science,2.213015082671308,685,2020
Susan Kingsmith,Business,0.1294690746215188,686,2020
Gabby Redlow,Business,2.6618323826601777,687,2020
Evelyn Knightfield,Arts,5.388294847288622,688,2021
Blake Wooddrop,Dentistry,4.784452444380066,689,2020
Steven Blueson,Social science,5.438763934789539,690,2022
Joel Bluesen,Pathology,5.733443598218485,691,2019
Simon Fitzlow,Economics,3.203966426053917,692,2021
Steven Bloomsly,Arts,8.821818249593033,693,2020
Blake Redsly,Law,2.4694716291360885,694,2021
Joel Vandersmith,Dentistry,1.5654406524701237,695,2022
Penny Bluesmith,Economics,7.839252828915373,696,2021
Roger Woodcroft,Law,4.140890870569642,697,2022
Roslyn Fitzhart,Humanities,9.788716042516736,698,2021
Roslyn Woodstein,Business,4.425273640941137,699,2020
Patricia Greenlow,Pathology,9.53794119773428,700,2019
Michael Bloomcroft,Business,4.829202649323516e-3,701,2021
Michael Knightcox,Business,1.314343248677724,702,2019
Andrew Bloomberg,Business,1.4899101361241762,703,2019
Evelyn Fitzsly,Pathology,1.1058948780160793,704,2021
Blake Bluecock,Medicine,7.159315473558073,705,2018
Simon Vanderdrop,Arts,3.494799712314326,706,2019
Roslyn Fitzsmith,Computer science,9.366359578016164,707,2018
Steven Greenston,Medicine,6.306203445507515,708,2020
Ian Bluecroft,Law,7.453164480269795,709,2020
Joel Fitzsly,Dentistry,6.031288860280275,710,2022
Patricia Vestersmith,Law,7.151550362339247,711,2020
Joel Vanderdrop,Pathology,3.0009959833785316,712,2021
Sean Knighthart,Computer science,5.620726705792788,713,2021
Penny Greensen,Law,1.2409106199501363,714,2018
Andrew Knightsly,Humanities,4.355868171535243,715,2019
Simon Vestersmith,Dentistry,0.18930919978355054,716,2019
Gabby Woodgarden,Medicine,4.348433053922917,717,2019
Blake Kingcroft,Arts,8.805646192087172,718,2018
Roger Redcock,Humanities,1.768205049202235,719,2018
Blake Greenstein,Pathology,3.0833633604235535,720,2020
Evelyn Bluegarden,Engineering,5.181394340923758,721,2022
Patricia Knightsmith,Engineering,2.9439938257082154,722,2019
Patricia Vestersmith,Humanities,8.050188796589136,723,2021
Michelle Bloomson,Business,0.9624333081116554,724,2019
Michael Greencox,Dentistry,4.896767140778712,725,2018
Gabby Vesterfield,Medicine,0.36116094595594617,726,2021
Blake Kinghart,Engineering,9.731225936790594,727,2022
Andrew Bloomlow,Engineering,9.136732884783815,728,2022
Ian Woodhart,Law,6.730702474733349,729,2022
Patricia Wooddrop,Medicine,3.653991020907761,730,2021
Roger Bloomcock,Arts,6.063952018933236,731,2022
Patricia Woodson,Engineering,2.413391867161052e-2,732,2021
Blake Redcock,Social science,6.145728804376496,733,2018
Blake Redgarden,Economics,7.480034411233259,734,2018
Evelyn Fitzston,Medicine,3.066324007457678,735,2021
Michael Bluecock,Business,6.091445924648159,736,2022
Ian Bloomdrop,Dentistry,8.386564109644812,737,2018
Andrew Knightsly,Humanities,5.39441553563954,738,2019
Blake Vanderlow,Arts,4.793172227085892,739,2019
Roger Greenstein,Law,7.774706414944095,740,2018
Penny Kingsmith,Business,8.569347572125672,741,2018
Blake Vandercroft,Pathology,2.0120402138644025,742,2020
Michael Woodcroft,Law,6.016986296708284,743,2018
Simon Kingcox,Arts,1.6410325993497632,744,2022
Steven Vesterson,Economics,7.740722614584542,745,2019
Ian Greendrop,Medicine,7.638761950871874,746,2022
Evelyn Greenfield,Engineering,2.2415538797817716,747,2019
Patricia Fitzgarden,Dentistry,2.5147862809191524,748,2018
Steven Woodstein,Arts,3.6122163891071724,749,2019
Michael Greenberg,Arts,4.596163012465188,750,2020
Blake Bloomgarden,Business,6.512784436187346,751,2022
Michael Bloomcock,Computer science,0.57983904227351,752,2018
Evelyn Bloomgarden,Dentistry,1.533508324571875,753,2018
Gabby Vanderlow,Law,0.6068584142756872,754,2018
Steven Kingston,Arts,2.418061107762232,755,2021
Simon Vanderberg,Social science,9.299755234573023,756,2021
Michelle Vanderfield,Law,2.841760027930489,757,2021
Joel Greensen,Humanities,0.42000822126017856,758,2020
Blake Bluestein,Economics,9.714075384382678,759,2022
Sean Bloomfield,Medicine,9.685767568208766,760,2020
Roger Vanderlow,Economics,8.14693096766925,761,2021
Simon Vestercock,Law,2.1269832160643087,762,2018
Roger Redberg,Business,7.7061856028473,763,2018
Patricia Vandersly,Economics,1.2730984884379848,764,2022
Gabby Woodston,Medicine,2.660403870002739,765,2021
Sean Kinghart,Pathology,9.244730586045982,766,2018
Steven Vestersmith,Computer science,7.839582548145776,767,2018
Patricia Fitzcox,Law,7.897809710054843,768,2021
Patricia Kingberg,Law,8.665617635137972,769,2022
Roger Blueson,Social science,3.291879304535854,770,2018
Gabby Knightgarden,Dentistry,6.8409656157112595,771,2022
Gabby Greendrop,Law,2.9569547901067184,772,2022
Susan Greengarden,Humanities,9.438790614354271,773,2021
Andrew Bloomsly,Business,6.0344913663603,774,2021
Sean Vestercock,Dentistry,3.4149768757831387,775,2022
Ian Greenstein,Pathology,8.360993238778509,776,2021
Roger Kingcox,Engineering,5.50082774480985,777,2021
Steven Woodhart,Pathology,3.992745497559449,778,2021
Susan Knightsen,Medicine,5.467323312317084,779,2018
Michelle Bloomcroft,Dentistry,5.136429974184295,780,2018
Joel Bloomstein,Dentistry,4.176343663578802,781,2020
Simon Vestercox,Social science,8.453270826344104,782,2019
Steven Knightsmith,Business,7.837087435193708,783,2021
Blake Bloomdrop,Medicine,0.35996612953045126,784,2019
Steven Redhart,Business,2.2401586845819588,785,2022
Michael Fitzsly,Arts,9.826169273004195,786,2019
Ian Blueson,Social science,6.472414868536277,787,2019
Sean Bloomgarden,Economics,4.474015954110625,788,2020
Penny Redsly,Social science,5.988392861562167,789,2021
Gabby Woodhart,Social science,2.6228476373686185,790,2022
Sean Redgarden,Pathology,3.6632399959122406,791,2019
Michelle Bluecox,Economics,7.811033418144188,792,2018
Michael Vesterdrop,Computer science,8.055990844613852,793,2022
Steven Kinggarden,Computer science,8.199828799540267,794,2021
Blake Vesterdrop,Humanities,8.139092943459152,795,2022
Susan Reddrop,Pathology,2.113542554417119,796,2019
Ian Redston,Medicine,9.705527326565523,797,2022
Steven Bloomcox,Dentistry,1.24321317197569,798,2022
Simon Vesterston,Humanities,8.069031394020028,799,2018
Roger Vesterlow,Pathology,3.7660808894831623,800,2022
Andrew Knightston,Arts,7.932080961640313,801,2022
Roslyn Vandergarden,Medicine,2.879545652691559,802,2021
Steven Bluecox,Engineering,7.773741865265736,803,2022
Penny Vesterlow,Pathology,1.3781005008171587,804,2019
Ian Greensmith,Medicine,7.258939796946854,805,2022
Roger Woodstein,Economics,0.5591433648441368,806,2020
Steven Knightcroft,Humanities,0.8993549414079671,807,2018
Patricia Kingcox,Computer science,0.21358545141948015,808,2022
Simon Fitzson,Engineering,8.759954673870464,809,2022
Roger Redgarden,Computer science,6.449266320966398,810,2021
Steven Kinglow,Social science,0.29295439476623053,811,2020
Gabby Vestergarden,Medicine,8.636242884073225,812,2019
Michael Greencox,Dentistry,5.185703812265209,813,2022
Michelle Bloomcroft,Pathology,7.080363094835063,814,2018
Evelyn Knightcock,Arts,0.3129752719140677,815,2022
Simon Redberg,Humanities,4.972094760609979,816,2018
Roger Greenson,Engineering,2.8392002293024223,817,2019
Susan Vestersly,Pathology,0.4621473422096256,818,2021
Andrew Blueberg,Humanities,7.828613739717345,819,2021
Andrew Fitzcroft,Humanities,6.775714330052751e-2,820,2018
Roger Redlow,Business,2.8355723798862242,821,2018
Patricia Vestersen,Engineering,6.195783516813609,822,2021
Penny Vesterlow,Medicine,7.446793143934468,823,2020
Michael Greenlow,Humanities,0.8120316911686409,824,2018
Steven Knightlow,Pathology,8.9101972403719,825,2020
Blake Woodsmith,Humanities,4.6513049263824024,826,2019
Roslyn Reddrop,Business,6.25197885307501,827,2021
Sean Vestercock,Engineering,4.430165281215153,828,2020
Roslyn Fitzlow,Arts,0.14522318549232027,829,2022
Michael Bluecroft,Dentistry,2.827323810889358,830,2020
Michael Kingberg,Law,6.4226198510888,831,2022
Michael Fitzfield,Arts,6.981910179836291,832,2018
Sean Vanderhart,Law,0.7738352443284757,833,2020
Ian Vestercock,Humanities,2.623704842878052,834,2022
Blake Woodhart,Economics,4.901263947310655,835,2021
Michael Fitzson,Social science,9.405912076136756,836,2022
Roslyn Redberg,Law,5.509546264710226,837,2018
Andrew Kingston,Arts,5.719456098261362,838,2022
Evelyn Bloomdrop,Economics,5.296179456519682,839,2018
Blake Kingcox,Arts,6.702953593464038,840,2019
Sean Vanderstein,Dentistry,6.428968025466394,841,2022
Michael Fitzhart,Economics,0.8131948412232004,842,2020
Michelle Bluegarden,Social science,6.372538791502076,843,2022
Patricia Vestergarden,Engineering,4.406298650021727,844,2020
Sean Kingcroft,Engineering,6.853034836853372,845,2022
Ian Vanderfield,Law,2.2395534921865092,846,2018
Penny Redston,Humanities,1.2323418591139501,847,2021
Evelyn Bloomcox,Social science,2.1965121560075627,848,2022
Penny Kingcox,Engineering,6.204156060901653,849,2021
Joel Knightberg,Pathology,9.224589572943955,850,2021
Steven Bloomgarden,Business,7.153692429443477,851,2018
Ian Vanderston,Pathology,0.679752409255362,852,2020
Roslyn Bluedrop,Economics,0.5037041918423835,853,2021
Evelyn Vanderhart,Humanities,5.668358715227733,854,2018
Patricia Vestercroft,Business,8.776672470782199,855,2019
Michael Vesterdrop,Economics,8.589568955301036,856,2021
Joel Woodcroft,Arts,1.5800020958666305,857,2018
Susan Woodgarden,Medicine,2.5475599224003433,858,2018
Penny Woodberg,Pathology,1.6798970104918132,859,2022
Susan Woodgarden,Social science,0.8072804516706467,860,2021
Blake Vandersen,Economics,6.603004865604243,861,2020
Patricia Kingsmith,Economics,0.6675668587936068,862,2019
Simon Vesterhart,Social science,0.722844788471243,863,2019
Blake Redlow,Medicine,8.321044572869555,864,2021
Andrew Woodhart,Engineering,5.497550243056978,865,2021
Joel Fitzfield,Medicine,9.547110251125895,866,2018
Blake Vesterstein,Dentistry,9.975652362070983,867,2020
Ian Knightston,Computer science,6.899745344342727,868,2021
Michael Woodgarden,Medicine,3.7733297665077634,869,2020
Gabby Redlow,Business,1.5559099774736296,870,2019
Blake Bluesly,Business,7.469785036082821,871,2018
Sean Kingcroft,Humanities,3.220371063613241,872,2020
Susan Kingcox,Social science,2.551356009525537,873,2022
Blake Vandercock,Engineering,5.410794215791937,874,2021
Patricia Redlow,Law,3.497299869167793,875,2020
Patricia Vandercroft,Business,2.616797927352229,876,2018
Sean Vandercock,Medicine,2.4812758040457217,877,2022
Andrew Fitzdrop,Arts,3.5705827587922636,878,2018
Evelyn Greenston,Dentistry,7.069525552054328,879,2019
Andrew Kingcock,Economics,5.971679894541431,880,2018
Roger Vandercox,Social science,5.701903371182371,881,2022
Roger Kingsly,Business,6.9668105995934235,882,2018
Gabby Kingberg,Law,5.739144276267308,883,2019
Michael Vestersly,Dentistry,5.257388879425622,884,2020
Simon Redfield,Medicine,7.203324969454428,885,2020
Joel Woodcox,Economics,2.8389624025792717,886,2019
Sean Vesterhart,Humanities,9.974874371753776,887,2020
Steven Fitzfield,Medicine,2.502261846986411,888,2022
Andrew Kingfield,Arts,2.7810919171596638,889,2020
Gabby Vanderlow,Arts,7.1578480215646465,890,2019
Ian Bloomdrop,Arts,0.49578990863802797,891,2021
Roslyn Blueston,Medicine,5.595221854183618,892,2018
Roger Vestersen,Engineering,0.5655656071260873,893,2018
Michelle Kingston,Computer science,4.4641083671082,894,2021
Andrew Vesterdrop,Engineering,0.7147205060766559,895,2022
Steven Bloomberg,Pathology,1.8491763074364864,896,2022
Joel Redcox,Pathology,3.5301240037366255,897,2020
Joel Kingsmith,Engineering,8.92636989779655,898,2021
Roger Bloomcox,Economics,4.609195320497222,899,2019
Simon Woodson,Business,6.823236129350767,900,2021
Joel Fitzfield,Law,3.979683274175103,901,2019
Simon Redlow,Dentistry,2.890127328029195,902,2022
Ian Woodcroft,Economics,1.0081779239924837,903,2021
Sean Kinghart,Engineering,7.588552997178678,904,2021
Joel Bluecox,Dentistry,5.820661433921371,905,2020
Roger Woodston,Pathology,0.18865374015760494,906,2018
Joel Knightstein,Pathology,6.319537390568026,907,2022
Evelyn Fitzberg,Arts,1.6878295861000903,908,2019
Roger Wooddrop,Law,2.581269217778077,909,2018
Gabby Bloomson,Computer science,6.4424800019250394,910,2019
Ian Vestercroft,Humanities,2.5771160087866676,911,2020
Joel Kingsen,Medicine,9.001722962559743,912,2021
Evelyn Bluelow,Medicine,5.634286498410029,913,2018
Michael Wooddrop,Medicine,9.723307695815446,914,2021
Roger Kinglow,Pathology,8.704746611963415,915,2018
Steven Vestercock,Economics,8.243752754643248,916,2022
Steven Vandergarden,Dentistry,6.879391181167134,917,2018
Roger Redson,Pathology,8.375480294494471,918,2022
Sean Vandercox,Medicine,4.027753398343872,919,2022
Susan Bluecroft,Business,5.415766569995089,920,2022
Roger Kingcroft,Economics,2.703564893415944e-3,921,2021
Gabby Kingsen,Economics,0.7620369141162686,922,2021
Evelyn Greencock,Arts,3.015646658857353,923,2021
Penny Kingsmith,Dentistry,1.2133493926291516,924,2022
Joel Vestercroft,Law,9.473573369332767,925,2022
Sean Reddrop,Arts,4.9061697138602405,926,2019
Evelyn Greenston,Computer science,7.658921700391836,927,2018
Michael Knightston,Engineering,9.736346311504628,928,2021
Steven Greendrop,Computer science,8.979616643282823,929,2021
Patricia Bloomstein,Social science,5.030198793393799,930,2020
Evelyn Vestercroft,Engineering,3.502347569213662,931,2019
Roslyn Bloomgarden,Law,9.411514705578671,932,2022
Sean Redstein,Social science,1.637069751158804,933,2019
Michael Fitzcock,Computer science,1.7423525697960651,934,2020
Steven Fitzsly,Arts,7.606786838111623,935,2022
Andrew Knightcox,Dentistry,6.442576553173965,936,2020
Andrew Bluecock,Arts,9.767660191867236,937,2021
Roslyn Woodsmith,Dentistry,7.069276335204205,938,2020
Andrew Kingsly,Economics,7.975934759228103,939,2019
Michael Vandersly,Dentistry,6.218983894810467,940,2020
Patricia Blueberg,Arts,4.486461853690261,941,2021
Penny Woodsly,Medicine,7.724484998577012,942,2021
Evelyn Fitzson,Arts,3.6831381350071712,943,2018
Andrew Redcroft,Engineering,3.410817464386838,944,2018
Roslyn Redfield,Social science,9.525539495593241,945,2019
Ian Greenlow,Pathology,6.525009578796329,946,2019
Joel Vanderberg,Law,4.514853731064036,947,2020
Roslyn Woodfield,Dentistry,4.065624024000918,948,2019
Simon Wooddrop,Pathology,7.649303733721276,949,2021
Ian Redcock,Medicine,0.4118910098093653,950,2020
Sean Knightgarden,Business,6.623106907544056,951,2020
Patricia Kingberg,Arts,8.378316723536976,952,2019
Michelle Kingcock,Engineering,9.886642634346627,953,2019
Ian Bloomsly,Law,3.105803937951012,954,2022
Steven Kingstein,Computer science,9.287041387907035,955,2018
Penny Greensly,Arts,1.1324726316255695,956,2019
Michelle Redstein,Medicine,5.623463447746743,957,2022
Patricia Bluestein,Humanities,9.857965365939048,958,2020
Penny Redberg,Humanities,5.136957366613051,959,2020
Patricia Fitzlow,Business,9.38280598302165,960,2019
Andrew Blueberg,Medicine,3.5516254983592144,961,2018
Michael Kingsmith,Law,9.968405318565798,962,2022
Susan Woodfield,Dentistry,4.642049991062311,963,2018
Steven Kingfield,Business,3.358534923243337,964,2018
Roslyn Greenberg,Engineering,9.986359488919149,965,2018
Roslyn Bloomcox,Computer science,2.543160565535232,966,2022
Patricia Bluesen,Pathology,5.320910341896871,967,2020
Steven Knightlow,Social science,4.0345982193086005,968,2019
Andrew Vanderdrop,Social science,6.936139343380878,969,2021
Evelyn Fitzcock,Economics,2.879110399751086,970,2018
Ian Blueberg,Computer science,4.563941031882511,971,2018
Sean Vestercock,Medicine,6.9169339198471285,972,2019
Blake Redcroft,Economics,7.894987348219916,973,2022
Ian Fitzcox,Humanities,3.2938998274378237,974,2021
Sean Bluesen,Computer science,2.277233490991671,975,2021
Gabby Kingcox,Economics,9.084493421177017,976,2020
Michelle Bluefield,Computer science,3.859332665442974,977,2022
Michelle Vanderhart,Dentistry,3.7932221670219004,978,2020
Blake Knightlow,Computer science,7.456596306279445,979,2020
Gabby Vandergarden,Engineering,2.28517050549506,980,2021
Penny Bloomhart,Engineering,1.2940428915011248,981,2019
Evelyn Fitzhart,Pathology,5.156230252976938,982,2018
Andrew Redhart,Engineering,9.197957279487202,983,2020
Penny Greensmith,Medicine,8.66380453433775,984,2021
Simon Greencox,Social science,7.313148839234821,985,2022
Roslyn Vesterberg,Economics,5.728063285594798,986,2022
Simon Vestergarden,Economics,0.41608453924974476,987,2020
Andrew Woodston,Business,1.9591262023265577,988,2022
Ian Vesterberg,Pathology,5.968700654502582,989,2020
Evelyn Bloomsly,Pathology,0.5014054962223746,990,2020
Penny Kingcox,Computer science,8.103870545802984,991,2022
Penny Knightfield,Arts,0.8843833645292676,992,2018
Steven Fitzsly,Arts,7.144619266525517,993,2020
Patricia Bloomlow,Humanities,8.248329162496113,994,2019
Blake Vandercox,Engineering,9.605798301251534,995,2019
Susan Bluesmith,Humanities,2.290904279021148,996,2022
Andrew Greensen,Law,8.578000666290752,997,2018
Simon Fitzfield,Medicine,7.033349581965444,998,2018
Roslyn Greenfield,Arts,2.777317167841815,999,2018
